Metrica,Valor
Accuracy,0.8866396761133604
Precision,0.8930635838150289
Recall,0.8679775280898876
F1 Score,0.8803418803418803
ROC AUC,0.9484678243105209
